-- phpMyAdmin SQL Dump
-- version 5.0.2
-- https://www.phpmyadmin.net/
--
-- Host: 127.0.0.1
-- Generation Time: Jun 02, 2020 at 01:44 PM
-- Server version: 10.4.11-MariaDB
-- PHP Version: 7.2.30

SET SQL_MODE = "NO_AUTO_VALUE_ON_ZERO";
START TRANSACTION;
SET time_zone = "+00:00";


/*!40101 SET @OLD_CHARACTER_SET_CLIENT=@@CHARACTER_SET_CLIENT */;
/*!40101 SET @OLD_CHARACTER_SET_RESULTS=@@CHARACTER_SET_RESULTS */;
/*!40101 SET @OLD_COLLATION_CONNECTION=@@COLLATION_CONNECTION */;
/*!40101 SET NAMES utf8mb4 */;

--
-- Database: `vb_studentmanagementsystem`
--

-- --------------------------------------------------------

--
-- Table structure for table `admin`
--

CREATE TABLE `admin` (
  `ID` int(11) NOT NULL,
  `username` varchar(50) NOT NULL,
  `password` varchar(8) NOT NULL
) ENGINE=InnoDB DEFAULT CHARSET=utf8mb4;

--
-- Dumping data for table `admin`
--

INSERT INTO `admin` (`ID`, `username`, `password`) VALUES
(1, 'Abena Mmra', '29677777');

-- --------------------------------------------------------

--
-- Table structure for table `course`
--

CREATE TABLE `course` (
  `code` varchar(15) NOT NULL,
  `title` varchar(50) NOT NULL,
  `credit` int(11) NOT NULL,
  `description` text NOT NULL
) ENGINE=InnoDB DEFAULT CHARSET=utf8mb4;

--
-- Dumping data for table `course`
--

INSERT INTO `course` (`code`, `title`, `credit`, `description`) VALUES
('CSCD302', 'VB.NET', 2, 'Visual basic'),
('CSCD304', 'DAA', 3, ''),
('CSCD306', 'Software Engineering', 3, 'Description here'),
('CSCD312', 'Artificial Intelligence', 3, ''),
('CSCD314', 'Research Methods', 3, 'Intro to research'),
('CSCD318', 'Parallel Computing', 3, '');

-- --------------------------------------------------------

--
-- Table structure for table `grade`
--

CREATE TABLE `grade` (
  `studentID` int(11) NOT NULL,
  `courseCode` varchar(15) NOT NULL,
  `score` double NOT NULL,
  `grade` varchar(5) NOT NULL
) ENGINE=InnoDB DEFAULT CHARSET=utf8mb4;

--
-- Dumping data for table `grade`
--

INSERT INTO `grade` (`studentID`, `courseCode`, `score`, `grade`) VALUES
(1, 'CSCD302', 96, 'A'),
(9, 'CSCD302', 80, 'B'),
(10, 'CSCD302', 84, 'B+'),
(1, 'CSCD306', 84, 'B+'),
(1, 'CSCD314', 95, 'A'),
(9, 'CSCD304', 67, 'C+'),
(10, 'CSCD306', 78, 'B+');

-- --------------------------------------------------------

--
-- Table structure for table `student`
--

CREATE TABLE `student` (
  `ID` int(11) NOT NULL,
  `firstName` varchar(20) NOT NULL,
  `lastName` varchar(20) NOT NULL,
  `dateOfBirth` date NOT NULL,
  `gender` varchar(6) NOT NULL,
  `contact` varchar(15) NOT NULL,
  `address` text NOT NULL,
  `picture` blob NOT NULL
) ENGINE=InnoDB DEFAULT CHARSET=utf8mb4;

--
-- Dumping data for table `student`
--

INSERT INTO `student` (`ID`, `firstName`, `lastName`, `dateOfBirth`, `gender`, `contact`, `address`, `picture`) VALUES
(1, 'Esther', 'Ankomah', '2002-02-22', 'Female', '026', 'accra', 0xffd8ffe000104a46494600010101000000000000ffdb00430009060713131215121213151615151615151515161515171517151615161616161716181d2820181a251d171521312125292b2e2e2e171f3338332d37282d2e2bffdb0043010a0a0a0e0d0e1a10101a2b1d1d1d2d2d2d2d2d2d2b2d2b2d2b2d2d2d2d2d2d2d2d2d2d2d2d2d2b2d2d2b2d2d2b2d2b2b2d2d372b2d2b2d2d2d2b2d382d2b2d37ffc000110800e100e103012200021101031101ffc4001c0000010501010100000000000000000000060203040507000108ffc400471000010302030504050808050305000000010002030411051221063141516113227181073291a1b11423425272c1d1f01633436282a2b2e1153473c2f12492b325358393e2ffc400190100030101010000000000000000000000000102030405ffc400221101010002030100020203000000000000000102110321311241511322043271ffda000c03010002110311003f00aeaa89544d177911d5c7a2a2947796d582d709c2b35b457870216dca56cdc5768451d80b22f4726c09261964cba8918d55285064a44b6341c148942955e3a9524d381a9b01c49361ed4f65a537c997bf265d88e3f4b0e8e7e63c9a2ff1b2a37eddc37d21791ceed097dc57c55c9a75eb2992f01c561ab0eeccd9edd4b1da3add39ab58a9c27b4d955ada54bf922ba8e913bf245372390372532813428b66a3551594f64e52b14221d54da68120b7552e0295387d94e97d804a63d39994ab664c0136fa70a5dd372bb44bb0ae7c49da762e794a856b1153606ab6a265d54c255ce1c55a4ed5c1dd52364dcdca5bc438dd79547ba535b1f425ef7c86f60eb05195e859dcd0bacb93bd92e596dafcd63958cd10f5437bc8dea70c2abc6cf17396d50b7d976f742291b940c1f0ac8d015aba1d14dabc62aaa9e2e98362a64f457294cc3c7148d4d8a563218cc8ed6db8733cba2ce312c69f338979ee8dc2f668f01cfdeaf36faab33f28f55834b713bcdd67e2639b37fda1679ef4df8f19116bc92e26da7e787e2a2b59f9fcee5735194fac40e2e3f9de998285f29f9b696b7812353d6cb2fad4ed770dde90e098b08735c5ae1b88d0fb55ad06d254432670f739b7199ae2483cf7ee5efe8d3c6a4e6516a694b343a7b3ef463c92f51397159eb6dc0b128ea226cb1ee237723c41eaacecb2bf46b893a1a86c44fcdcc6c47271dc47e78ad8df4eb6f586b4ab91aa9ebe1e88a1b4abc7d083c1389b19e4b4e6fb97aca7772474ec31bc979fe1ade4ab713aa1aa2c389d5d74fcf875877513c54a02e969c59035417d8bb724ba91e513ba805f72723a3082ec26dc31e54b8b09722714a1382009ec7c86d9861e6a7525211c55b1882e0c4fe8be5166a7bb5586c5c595920fdf3f009196e14dd9d6d83fed7dc14e57a54ff68bab2e5cb966d830ea60970d284fa71815ed07228ec94f6a5357392333d9a6ea1bdd213c4aa9c6ab32c7bf591c18db6f19b79f200948e01768b06ed092d3abc937e4d046a3cefe66e80315a43138e9adb41d09b37dbf8ad761025b1034796b183931ad24fbb4f62ccb69a6325438c6d24e722302d72eb658cdafc3477f114b6a95db25b382a0ba490f718ecad1f58b779f0bdd1c330a6374b256ca086081913e37c6f02dde1a5fa10ae435a75e0b8f965b5dbc594914bf246f2549b498187b0968d4224c47138daec8c697bb937f1496ba42333e1cacb6a438388ea5bc96131ca5db5b9cb34c9682a5d13811a3e27870f169b8f8597d1f865536686395beac8c6b87985f3f6dbd27613e61eabdb71f7ad33d0ce35db523a027bd0bb4fb0fb91ec21c17a3c7771e7f263aa3dcab884b4972d191b212484a2bc4026c925a96bc4032e624593ee4d14c89494e88d25cc4036520a7084d9411e85ba29b820b178ea1458068a5e123bcef24b2f0a7ab6bae49b2e50d54c9c626c25b15a525abc72e6af1e80aec46bdac2197ef3afbb78006a5026d8e3b69591b7f64cce77fad29110e9a073d2abea9e6b260f396e446de91facf774d38f52b3cc4719334f3cd7d1cfb335dcd6683fda7cbaa95c8d2367aa3243248e3a32221bafd270198dba17347b5661558939b3c796c5dde94dcdb7df28bf3b0b0fe14778dca60c3638f73a5637c6f23acd047d92f3e2c087765308334924e0681d941e8d007dca72cbe66d786372cb513b05da6964b9786960796021f9aee02fa0203add6c8eeb62cb1b08d0385fdca0e0bb3ac7481c40d3c11163f086b18d5cdc965c2e4e9c2599cc7d66f8b632e89af7c6d07265cda80eef5c374b171ddc01b5f5b6f52301da5973c6d923244803b331c246b6fc1e40194fb77ab6a9a0693a71532868b2f159ff2e3f3a91ade3bbdefa04fa5aa7bc513869de70f222ff72a9f43f8cf615cc638d9b30311e573ab0fb45bcd147a481781adb5f53e5669d7e0b2f85ae8a66bdb7eec8db3b866195d6bf3d574f05de2e4e79ac9f5814db937453678d8ff00acd69f680538e5d0e620af1715e20397894bc4024a6ca74a69c991d6a4bd361cbc252d0dbc21344279365314fd3ee5330dd1cef250e997af9f21cded459b89bd2f5721efd218fafb172cfe721fc90f04b626814e30ab5253578e5cc5e941b29f4aaf103dd283de9220c0395dc413e6b39d93c3fb6a98a237ca4d8efdc7571f0197dcb51f4bb853e4113d91bde756d98d2ed74b5ec091c555ec8eceba918f9a4eec85a5bd2269b1713c9e6d6e9ee4aaa531b6f581ce241ee441d61fbc0656b7cb5f37395a6c696c3878fac4173bc49ba03c5b1364f3b206bbe6c3b43f5dd6d3cb4d169b4f85da9b28df97ee5cfcd6f8eae0c66b753362fb5b493e50ecda30389034ea01d3c92f6a71737072ea06adde2fcafcbaaf763d95594b6639620008fb360240dc4497b9eb702ca3e3f40d2f37ab6816248c9debf2b0374b2e3de1a8d30bbe4b6aa1f52f391e5a1b6d1c01beff0025734d3a1cac125f240e1247639dcf8cb6fa901acd6e4f1b9d15bd068c17e4172658fcf4e9dec3fe90b108a38f23dddf735dd9b6d724eebf4016715b2e59db10232899a4d8f7735da34f006c9cdbcc6854d6b9cd37646044c3cf292491fc45dee52f61767be57531b4bacd6b83ddc49008360bbb870f99ff005e773e7f57fe3e958581ad0d1b80007905c570292e2b773bc2bc492f49ce8238bc48cebc2f4f4365929a2bdcc90e281b7abc48cc940a0b652414aba4a0cec099c41ddd29e8547c44774a71197814ed17247c99dc972d36c065da272092e555fca6e9ea59f559b7957d1a53828d0cda2f649d4b451636c7c93b435d66c4c2e78b901c642034380203800d71b1e6166be91b1091c0c7db011b48f9a6b401fc4e6e9e5af55a7d6b2e5eecd9038004df536dc4710567fb6140c95c09360d07282eb936e27804538c72b2439870b1d2df15b27a33daff009537b19c812c766e6e0f1c09e4ed3cd6395d674ae0ddd9ac0f9ef443e8f260cae630fab202c3e36b83ed1ef597263b8db8f2d64fa5e28b2b744118f61ae32175cebfbdc11261f33dadcb7cc06ebfe2a9319c4007ead75f96965cf967d74e8e1971cba468a1cacd7971435b5156e34d308c91dc76a343bb829d5d5ae7e9eab797f751fb0cd1b9a78823da172ef576eaf9dcac56065d136cd628fa595afca1c07d176e20efb1e07aaa39a0744f2d70b1048f11c11c6c454c1347253ced06e5ae67d76b85c5d877f25ea6f6f272e9b1ecc634ca9883984f56b8f78743cfc55bbdc82367f0bf93c71b5a75bdcf4beffbb4dc512cb5561aaa9596d25d22476aa8a5c4fbc42532bfaa7f511b5e76892e95559ad1cd24555f8a3ea0dad0cabc32e8a235c57b72b3bcb17f37492d912daf50f54b612b4996d095992c14d3427026b87e15eccdb8498938f282aadf93f45ca4e65c92350274d506ca54159651e9da32a8157201b8a9cf3d2b182118c5b8a40c58b886b7541efa82e366dc93a05614b53f261da48dbb868c17fa5d06ff0034b1ced69a1163b8e434cc21e73bcdecc162eeba701d4ac5f68b18f5f2685f7040370c6fd50789571b598cbe6f5de4926f61a3472161bfcd06c94c4925daaa69f2874528638b8b6e4021b7dc09e279d939824c5b510bc7095a6ffc42ea3ce75b0dd752b0b86d247d2c54e5e1cf5f4ee104398d7730a8f69a9807dc29fb1929740dbf25231a83391e2b972c7faba30cb59039f49ddb9dc9b1dd08876920c91c6d1bdc541930eee858e5c7de9d18f275ba0dc53068e50496a03aca311cf9637116205efa83d16e543b3e65219cf79e4dfc501ed1610d38bba1600191e4000e8ccdaf5b82ba7fc5c32b7bf1cdfe5678fe3d3db3bb5324003640e9786673aceb7416b2206ed744ff005dae6752410ab22c185c92069b9566d152b58ccb9bbc48686817d7300ecc7734817d353cecbd1cf8a48f3fd185231b2f7a37078e6d37f6db727e5a7ca2ea57a15a1cb4724a7f6b33ec78e565980785c3bda88b1cc1496b9d16fd4e5fc3f05c571196164e811db6aa553b955480876e52592386e4bf8eb1faa22825b04fc6e0e287a0a879365758768b0b85c6f6df1cfa5ed3d28b2f27a64fd2ca2c953c82cbab1ca2ac56b52c26dced529ae5aca9891125c8535195d23d03222eb926eb94fcb3ec234cc396dc531534cd1a9d4a27aac2b2041f8bd5b5a482a39ba9d1cdece615531c726770f5477470beebfbf7782f71aa964c7d536b69d6df48f417161d551c2e32e5cbb9ceb5fa83bbde11a6d5510a3c3a42dd65764880d37bec5cd1d728dfd4a9e2de9d126a32ac4c02e36d1a3793ee1e0aaa578640fe65e3dc1df710ae2be90982e4b58e0ced2c4db3b491a5cee78e5c47541d5b517b8e17badf2e8e769d2d0f7237efced0e1ed734ff334a22a1d9994805add4bda07d97374f80556c80ba9e8836d99ee923b7574f66ff52fa019807cd3a2659afecc061e5233561f0b81e4b3ca6e2b1ba76cbe1ef8616b5c468148c3dc6425ce6d85f40533b338a89e2048caf04b6461ded7b74703e6ae000a34ad98ada46bdc091eae81205233884ecd3009ca265fbe776e1d4a9f9969fd5912a8e99b1b49000e27c563b83c425c62adc75b6737f6b7fdcb66ac786b6dcd61f84d63992d5c91e532b84a5a1db802e6f7ddfbadcbbb892d1c574f1cd78e7ceed3b697180c93e4f09b3b432bc6f8da6ddd69e121077fd11d4e957b761aca986363435ad61b340b01a1e087e33a1d4973ae5ce275739dbdc4f1249255aedcd4073e9671f4d8c27a666ea3da56b6ee54c9a6c1e8c630dc2e96dc585de6e91ce3f1440f286bd15cb7c269ba091bec95e3ee44722e7681ac7f09064ed00f5bd6fb438f9aaf18722cac65d87a6bec5561aaf1bd32cb09b52b6932eaa553a992c6a2b2220a9e4c2648d69322794dd4d41b29713744cd543a2e3ce5c4fb515462594eabc87191cd41c6a977d907d648f61d0a5c7cb914eda7d3e260f14e7cac13a2c9e1c75ed3c517ece54be5198decbab0e4b97e0eee0abb75c98ec4ae57d85e57104159e63b8397b89e08a99239b60f51312a86db7ab922af60a9e9248a86aa48c10610d93372ef341d781b5fd8aeb6ff0069a396860732cfce5afb03a97651a0b7117b7446bb2b864725248d78ccc9f3b1c0f1658b08fea5926d53052d2b62680757c6c71b5db131ee6dc0e6ede4f551e5e9a4f0118a57be53f39ae8035a370b0b0ddbd54cb4e491e22ea41946f1a9e1d0755c1db9258e3d1d5276d88d04245db176933f88160f91bfcc19ed5be407bee3cacb30f419811b3ab9df4bb48dbcacdc82fedcc3c96a54ecd5c7a21284cd9d85b5325446f7b5d2d8c8c05b91ce1f4ec45c13d0d94ba96318dbb8bb781a5afaf44b73ad62386853ef3625c4681ba7c7f04b50f755104b0bdee658e6638b483cc71d378dded566cd1ed6f4240f02ab70aece2697cb246247f79f7737d63a9fc2dd17afda2a5638b8ca0e800ca1c7c7704750eee978fcf6bdb834fc34f35876cac9782b1c757668f5e85d293e5a37dcb4fc6768a190bb297ea081dce7a5ec5c103e13874303648c091fdadb312e6b46849d035b7035fac7c5563c98e3e95e3caf80ccd616e5a7b3f3ef5d8bd587d3b1b7ef4648f20ed3dc8b31c899153be48218a37b4b4e7c9da3ec5c01b1973653aef1659d6232be479d6ee7dadccb8e83a6f55872cb2e8b2c2cf5f457a2b786e114c46f776a47899e4fcf922970d147c070f6450c30b05990c6c6016e4d173e24dca915325ce51ff2a010aa88b12392b40a8317ae11ca5a7880479a7896492e29a1a9b2a79f1c68e2a3c38fb7303c01d7c15b317c51e8a3d51b68a54528237a8f52f170b1e4e3fa3b149574c64361e650e62db384ee5a0b1a2db95562b2358093f9e8a30e093d2f96750601aea16878261cd8d8d007054714c37ab7a4c545acba6493c1afdae7205cabbfc442e41ecced5ce18cdfadf459e57628e277a31c7a1eda575f500d82a89b0069b0b6fb0f6acbf935d36fe3b7b69db29164a2805bf64d711d5c339f8ac0aa2aa3aa8676cc7e798e323093bd991f7601d328f3703c4afa3da04718e0d637c8068fecbe6bdb8a3653d498e28dedcee2e2f934243fbec6b40dcdb102fbee0f24d2158e905afa8e42da95a9fa37d93a1a9a16cd3419e5ed2563dc5f26a01059dd0e00775c06ee081e36b4305b79173ff2b58f4638798a8dee2e1f3d299591f16c61a220e3f68b2fe164f29a872f624c3c0a78db040d6c7136f958d02c3312e3bf9924f9a71d5527d623c34f824bc6a90e58eda6a22cd33f8bddff00714ce5ba9123532edca76a5755c6a03e25693a85229aa42922511ed5612050650a6af147c5a30ea495bbdd96424ee161de601d45b53c567b8353f695948cfad3440fd96c8d73bf96eb4b8db70473047b7459ce00feceb2989ded9bb3f3735ccf8ad786fac79a6b4fa8619acc2ef626231bc94cc2d272c63e8817f1e3af8a9ce601bfd8b662680409e9162709227b7716b9a7f84823fa91e13743fb651de38cdb7496f00e6bbef0113d159b18a42974b48fcc05b790888403927e8a9c6706db95a56749339adb2835d8c96bc0ca4ab323454356dbc84f5401136bee34050b63ee91f2b75eed8e888231a2815b15de0f8a02aa1a6705c3302aea281264a3ba02a7b772e561fe1e57a968b482fc4007bafcca9784d6892a228c717b7d8353ee050fd7d3bf785336229de6be1e9da3b51a5c46efc567708dbefad35eab666639a45c39a411cc1162162de999aeed016b1c465177b98e0c66fb77ac2e6e4e9af92d65b8db04bd8cbf372696bfa8ebeecaedd7e8a1ed96042b296484fac45d879386a3cae9e394be26cb3d7cd518746dd49734ee3cafc3c16a3e8aabc3f333336e2274645fbee2c7b6569d7806c84587306dbca1cc5b001494ae74a1ceb580b0d37e97770e0a2fa20ab22bf29360e19cdf7778f636b7326566bfbab4c92da5c9b29c785e2e56e8f2851642a6c8a1ca8388932852a9b32873a9ab4490a892354a2132f6a8ab86e2de8228e00cc4d81c34655092dcacfcecff006a3a60d504ed2b7b3ad73f9863ff009403ef6957c37fb567cd3a6fbb3b2668cbfeb38f1beed15a64e884bd195576946d3fbcff00ea3b9174b2651ccfc174b98cceeb6810feda1228e478fd998e4f26c8d2efe5ccaf430ef72858e5376b4d3c637be291a3c5cc2020056395ae01c371008f34f412b41411e8f31a15108889719231adf765274d5173622ad29f2d500156195b74f3a9c94dfc93a2025b6ac269f5009496d294ec74698488650a5b083c1370d3294c81009ca392e523b35c80a89284297b31401b53987063bdf61f7a6aa27b12ac364df9a490f2681ed3fd949af710a08e669648d0e1ef1d41e055206cf49a5ccd075fd630743c47e744444ea999cf2f6ae7e4e1faee5d5fdb4c73d757b809db0a4654d0d408cdfe6dce03887345f51e4b24f44f54d1888692076d0be36936d1fa3d86c7f798df3b2de6af076bc92c218f2083f55c0ef0e0a93665b4f416a7f9332268d04ac198b9dfbeef5893cfcb4b059e3cf9617e7966bf57f15778a653782e27b5c91b8ea3c0ea3dca31785678db7336dc39210a881ec378de4743ab7d9c3c95677e6af8f0fa8b87951a62a91bb441aeece6195dc35bb5d6e47ee2a7fcb9ae17051bfc8f9d3c95ca0caa4cb2a832c8a2d54843d376ba499129854dad2479641db7b0fcec6efad191e6d77ffa08bea5a4b1cd6b8b09040700096923d600e86c86f6f4b4b2270e0e2df6b77ff2fbd5717fb239a7f568be853b5ff0d63a41a17bfb2e6581c4177419b3591ee41cbcd0a7a2cab1261b4f958f0236f664bc06dcb34259cdb7dc74dc8b9eee4badc66240a3917d3f3d52e40e3bca6c75407cf5e8ea27458b4d08d1a0cec70fb0f21bef0b620d0b28a38fb2da1a868d019a43ff00d9dfff0072d54aa845e8bb44d2f4264781094d726c04b68404989ca434a891a90d2807aebd4ddd72001f12c46c4a23f46951da3677fef31bee71fbc2ce31a94e72b41f43ecff00a495dc5d3bbdcc604a98da58b358a8af16e06e9c96675ec2c07b4951e4203ad99ce77100036f60526f5aa2e1585c703a591a06799e5e4f100fd11d2f73e6a4ca5e3813cf985438162123cd4894d8c7296b1bc432da788d343e2a6e9522e2aeeeb855cec3ee754e7cb40dee4b65603b88517e6fad67d62afc4b6629666da6883b8e8e7308238e66107dea82a706a78f48f3b7ff0091eefeb255f62788db4050562d5e438eab2cbf51b61fbc921f0d8feb4f980521f4ae3b9e3d9fdd53fcb09dea6c551d567ac9b4f948187c87739beffc110eceecfb650eed64707348d1b6b169dc6e7a83ee5431d45b8ab7d99c5c0a96b49d24059e6756fbc01e6ab0f7b4f24febfd448dd91a6fa5da3bc5e47f4d93bfa2f4560d34d1bc03987683b4d47dbbab0ed934e9ff003f8aed9848e2b95bed4f6bf4eee9974b0d05870b2ecf9c774d9dbd5636b32bafc38a93bf569e3fdc7e7a22c4538fa9df704f3d35fee9370751a8fcfb136e903b78b116fc83c520372ea2d63bf5f7fc1227cf9e94667458c54398729bc4411bf582237f6dd12fa38dab9a77982a5c1cedf1bb40481bc1ea847d3349ff00ab4ce1c0423cc431fe2a9303c49d15445283eabda7cafa8f65d394abe8bca941abd8ce6008dc4023cd2c0544f0353802e0b900b6a75a9a0960a01cbaf12732e4132fc560b9ba3df45717fd248d07f6eebf4ee310756387345be8baa45a78afaddaf1e06ed3f06fb52aa1939bf459a0fa4efb824c8e6c4dd06fe1c5c53f23c346be43995144199e24770160380feea4dec50976aff268dc17498746ed4b05c5c791d2ca4972f3320f611c530411bc169b35d7d5ced071b0bf81f6285518bd3c0c24c8d247237f82620a86d74afa87d9d187399034ea0460db301baefb66bf220705ed56c8d0bfd6a7889e7902c6e3df4e897aec1f55b770e7240748751a1161e6a1576d2c529b888b7c5c0fc115cde8e289dba30df0b8519de8c29fe8be41e0e3f7a5f27f54310d546e3eb01d0e89c32722ac719f47ac8985cc99f7e01d63f7218a4c3f23be71ce1f64d94dc5732ab7cce3cd2192c8d70736e0b4820f220dc24d3c8e67aafcdd1c3ef0a7d36695c18d68ce6f61987788d6c2fc7a7453aaadcfcb4b8ebc3e364cdf5646875b91e2df106e3c9285503f1f3f043db2ae91ad969e5639a00ed1a483606ed6b803b8df303e453d29238aebc72dfae7cb8e7e17124c2d63ed4e50d5d8d86ba795faa15388b730667198ee6e6b927a0debabb196d3657d43846d26c0bae2fc6da0baaba6771e86af9c1e3f8f9f31e0bc6d486825c6cd68249e00346a7a7159ed4fa4da16fed5cefb31bcfc401ef427b67e9245442ea6a663dac905a491f60e2de2c6804d81e24f0b8b6aa5010db1c47e553c953c2495e5bf66f667f280ab691e35638d83b89e052e51f35e0e0a3386e2a89f496c75576b4503cefc801f16e87e0ae5657e8df69c47486279f51e6de07544cedb06734c85cbd0830ed8b39a4fe9a339a00d97a103bb6d19cd27f4d1a981dae40bfa683aaf11a253d5a21f457fe75ffe8bff00ad8b972853529fd6094e5cb92320a8b8afea26ff004a4fe82b97204677b09fe562fb21133572e59474d3cddc9f62f572b455263dea959a577ae572e58e5eb7c3c476a9d85febe0ff00562ffc8d5cb93c4b2f1add6faaff00b23e280f6bbfcb9fcf35cb96f97a89e339d8ff00fdc297edbfff001b91e7a5dff23fc4df8ae5ca3f29be312e496172e56c12a4fd51fb414776e5cb95525ce01eabbc42b55cb913c2a53538d5e2e4e04a894b8d7ab9307972e5c827ffd9),
(9, 'Ama', 'Boahemaa', '1997-05-25', 'Female', '121', 'there', 0xffd8ffe000104a46494600010101000000000000ffdb00430009060713131215121213151615151615151515161515171517151615161616161716181d2820181a251d171521312125292b2e2e2e171f3338332d37282d2e2bffdb0043010a0a0a0e0d0e1a10101a2b1d1d1d2d2d2d2d2d2d2b2d2b2d2b2d2d2d2d2d2d2d2d2d2d2d2d2d2b2d2d2b2d2d2b2d2b2b2d2d372b2d2b2d2d2d2b2d382d2b2d37ffc000110800e100e103012200021101031101ffc4001c0000010501010100000000000000000000060203040507000108ffc400471000010302030504050808050305000000010002030411051221063141516113227181073291a1b11423425272c1d1f01633436282a2b2e1153473c2f12492b325358393e2ffc400190100030101010000000000000000000000000102030405ffc400221101010002030100020203000000000000000102110321311241511322043271ffda000c03010002110311003f00aeaa89544d177911d5c7a2a2947796d582d709c2b35b457870216dca56cdc5768451d80b22f4726c09261964cba8918d55285064a44b6341c148942955e3a9524d381a9b01c49361ed4f65a537c997bf265d88e3f4b0e8e7e63c9a2ff1b2a37eddc37d21791ceed097dc57c55c9a75eb2992f01c561ab0eeccd9edd4b1da3add39ab58a9c27b4d955ada54bf922ba8e913bf245372390372532813428b66a3551594f64e52b14221d54da68120b7552e0295387d94e97d804a63d39994ab664c0136fa70a5dd372bb44bb0ae7c49da762e794a856b1153606ab6a265d54c255ce1c55a4ed5c1dd52364dcdca5bc438dd79547ba535b1f425ef7c86f60eb05195e859dcd0bacb93bd92e596dafcd63958cd10f5437bc8dea70c2abc6cf17396d50b7d976f742291b940c1f0ac8d015aba1d14dabc62aaa9e2e98362a64f457294cc3c7148d4d8a563218cc8ed6db8733cba2ce312c69f338979ee8dc2f668f01cfdeaf36faab33f28f55834b713bcdd67e2639b37fda1679ef4df8f19116bc92e26da7e787e2a2b59f9fcee5735194fac40e2e3f9de998285f29f9b696b7812353d6cb2fad4ed770dde90e098b08735c5ae1b88d0fb55ad06d254432670f739b7199ae2483cf7ee5efe8d3c6a4e6516a694b343a7b3ef463c92f51397159eb6dc0b128ea226cb1ee237723c41eaacecb2bf46b893a1a86c44fcdcc6c47271dc47e78ad8df4eb6f586b4ab91aa9ebe1e88a1b4abc7d083c1389b19e4b4e6fb97aca7772474ec31bc979fe1ade4ab713aa1aa2c389d5d74fcf875877513c54a02e969c59035417d8bb724ba91e513ba805f72723a3082ec26dc31e54b8b09722714a1382009ec7c86d9861e6a7525211c55b1882e0c4fe8be5166a7bb5586c5c595920fdf3f009196e14dd9d6d83fed7dc14e57a54ff68bab2e5cb966d830ea60970d284fa71815ed07228ec94f6a5357392333d9a6ea1bdd213c4aa9c6ab32c7bf591c18db6f19b79f200948e01768b06ed092d3abc937e4d046a3cefe66e80315a43138e9adb41d09b37dbf8ad761025b1034796b183931ad24fbb4f62ccb69a6325438c6d24e722302d72eb658cdafc3477f114b6a95db25b382a0ba490f718ecad1f58b779f0bdd1c330a6374b256ca086081913e37c6f02dde1a5fa10ae435a75e0b8f965b5dbc594914bf246f2549b498187b0968d4224c47138daec8c697bb937f1496ba42333e1cacb6a438388ea5bc96131ca5db5b9cb34c9682a5d13811a3e27870f169b8f8597d1f865536686395beac8c6b87985f3f6dbd27613e61eabdb71f7ad33d0ce35db523a027bd0bb4fb0fb91ec21c17a3c7771e7f263aa3dcab884b4972d191b212484a2bc4026c925a96bc4032e624593ee4d14c89494e88d25cc4036520a7084d9411e85ba29b820b178ea1458068a5e123bcef24b2f0a7ab6bae49b2e50d54c9c626c25b15a525abc72e6af1e80aec46bdac2197ef3afbb78006a5026d8e3b69591b7f64cce77fad29110e9a073d2abea9e6b260f396e446de91facf774d38f52b3cc4719334f3cd7d1cfb335dcd6683fda7cbaa95c8d2367aa3243248e3a32221bafd270198dba17347b5661558939b3c796c5dde94dcdb7df28bf3b0b0fe14778dca60c3638f73a5637c6f23acd047d92f3e2c087765308334924e0681d941e8d007dca72cbe66d786372cb513b05da6964b9786960796021f9aee02fa0203add6c8eeb62cb1b08d0385fdca0e0bb3ac7481c40d3c11163f086b18d5cdc965c2e4e9c2599cc7d66f8b632e89af7c6d07265cda80eef5c374b171ddc01b5f5b6f52301da5973c6d923244803b331c246b6fc1e40194fb77ab6a9a0693a71532868b2f159ff2e3f3a91ade3bbdefa04fa5aa7bc513869de70f222ff72a9f43f8cf615cc638d9b30311e573ab0fb45bcd147a481781adb5f53e5669d7e0b2f85ae8a66bdb7eec8db3b866195d6bf3d574f05de2e4e79ac9f5814db937453678d8ff00acd69f680538e5d0e620af1715e20397894bc4024a6ca74a69c991d6a4bd361cbc252d0dbc21344279365314fd3ee5330dd1cef250e997af9f21cded459b89bd2f5721efd218fafb172cfe721fc90f04b626814e30ab5253578e5cc5e941b29f4aaf103dd283de9220c0395dc413e6b39d93c3fb6a98a237ca4d8efdc7571f0197dcb51f4bb853e4113d91bde756d98d2ed74b5ec091c555ec8eceba918f9a4eec85a5bd2269b1713c9e6d6e9ee4aaa531b6f581ce241ee441d61fbc0656b7cb5f37395a6c696c3878fac4173bc49ba03c5b1364f3b206bbe6c3b43f5dd6d3cb4d169b4f85da9b28df97ee5cfcd6f8eae0c66b753362fb5b493e50ecda30389034ea01d3c92f6a71737072ea06adde2fcafcbaaf763d95594b6639620008fb360240dc4497b9eb702ca3e3f40d2f37ab6816248c9debf2b0374b2e3de1a8d30bbe4b6aa1f52f391e5a1b6d1c01beff0025734d3a1cac125f240e1247639dcf8cb6fa901acd6e4f1b9d15bd068c17e4172658fcf4e9dec3fe90b108a38f23dddf735dd9b6d724eebf4016715b2e59db10232899a4d8f7735da34f006c9cdbcc6854d6b9cd37646044c3cf292491fc45dee52f61767be57531b4bacd6b83ddc49008360bbb870f99ff005e773e7f57fe3e958581ad0d1b80007905c570292e2b773bc2bc492f49ce8238bc48cebc2f4f4365929a2bdcc90e281b7abc48cc940a0b652414aba4a0cec099c41ddd29e8547c44774a71197814ed17247c99dc972d36c065da272092e555fca6e9ea59f559b7957d1a53828d0cda2f649d4b451636c7c93b435d66c4c2e78b901c642034380203800d71b1e6166be91b1091c0c7db011b48f9a6b401fc4e6e9e5af55a7d6b2e5eecd9038004df536dc4710567fb6140c95c09360d07282eb936e27804538c72b2439870b1d2df15b27a33daff009537b19c812c766e6e0f1c09e4ed3cd6395d674ae0ddd9ac0f9ef443e8f260cae630fab202c3e36b83ed1ef597263b8db8f2d64fa5e28b2b744118f61ae32175cebfbdc11261f33dadcb7cc06ebfe2a9319c4007ead75f96965cf967d74e8e1971cba468a1cacd7971435b5156e34d308c91dc76a343bb829d5d5ae7e9eab797f751fb0cd1b9a78823da172ef576eaf9dcac56065d136cd628fa595afca1c07d176e20efb1e07aaa39a0744f2d70b1048f11c11c6c454c1347253ced06e5ae67d76b85c5d877f25ea6f6f272e9b1ecc634ca9883984f56b8f78743cfc55bbdc82367f0bf93c71b5a75bdcf4beffbb4dc512cb5561aaa9596d25d22476aa8a5c4fbc42532bfaa7f511b5e76892e95559ad1cd24555f8a3ea0dad0cabc32e8a235c57b72b3bcb17f37492d912daf50f54b612b4996d095992c14d3427026b87e15eccdb8498938f282aadf93f45ca4e65c92350274d506ca54159651e9da32a8157201b8a9cf3d2b182118c5b8a40c58b886b7541efa82e366dc93a05614b53f261da48dbb868c17fa5d06ff0034b1ced69a1163b8e434cc21e73bcdecc162eeba701d4ac5f68b18f5f2685f7040370c6fd50789571b598cbe6f5de4926f61a3472161bfcd06c94c4925daaa69f2874528638b8b6e4021b7dc09e279d939824c5b510bc7095a6ffc42ea3ce75b0dd752b0b86d247d2c54e5e1cf5f4ee104398d7730a8f69a9807dc29fb1929740dbf25231a83391e2b972c7faba30cb59039f49ddb9dc9b1dd08876920c91c6d1bdc541930eee858e5c7de9d18f275ba0dc53068e50496a03aca311cf9637116205efa83d16e543b3e65219cf79e4dfc501ed1610d38bba1600191e4000e8ccdaf5b82ba7fc5c32b7bf1cdfe5678fe3d3db3bb5324003640e9786673aceb7416b2206ed744ff005dae6752410ab22c185c92069b9566d152b58ccb9bbc48686817d7300ecc7734817d353cecbd1cf8a48f3fd185231b2f7a37078e6d37f6db727e5a7ca2ea57a15a1cb4724a7f6b33ec78e565980785c3bda88b1cc1496b9d16fd4e5fc3f05c571196164e811db6aa553b955480876e52592386e4bf8eb1faa22825b04fc6e0e287a0a879365758768b0b85c6f6df1cfa5ed3d28b2f27a64fd2ca2c953c82cbab1ca2ac56b52c26dced529ae5aca9891125c8535195d23d03222eb926eb94fcb3ec234cc396dc531534cd1a9d4a27aac2b2041f8bd5b5a482a39ba9d1cdece615531c726770f5477470beebfbf7782f71aa964c7d536b69d6df48f417161d551c2e32e5cbb9ceb5fa83bbde11a6d5510a3c3a42dd65764880d37bec5cd1d728dfd4a9e2de9d126a32ac4c02e36d1a3793ee1e0aaa578640fe65e3dc1df710ae2be90982e4b58e0ced2c4db3b491a5cee78e5c47541d5b517b8e17badf2e8e769d2d0f7237efced0e1ed734ff334a22a1d9994805add4bda07d97374f80556c80ba9e8836d99ee923b7574f66ff52fa019807cd3a2659afecc061e5233561f0b81e4b3ca6e2b1ba76cbe1ef8616b5c468148c3dc6425ce6d85f40533b338a89e2048caf04b6461ded7b74703e6ae000a34ad98ada46bdc091eae81205233884ecd3009ca265fbe776e1d4a9f9969fd5912a8e99b1b49000e27c563b83c425c62adc75b6737f6b7fdcb66ac786b6dcd61f84d63992d5c91e532b84a5a1db802e6f7ddfbadcbbb892d1c574f1cd78e7ceed3b697180c93e4f09b3b432bc6f8da6ddd69e121077fd11d4e957b761aca986363435ad61b340b01a1e087e33a1d4973ae5ce275739dbdc4f1249255aedcd4073e9671f4d8c27a666ea3da56b6ee54c9a6c1e8c630dc2e96dc585de6e91ce3f1440f286bd15cb7c269ba091bec95e3ee44722e7681ac7f09064ed00f5bd6fb438f9aaf18722cac65d87a6bec5561aaf1bd32cb09b52b6932eaa553a992c6a2b2220a9e4c2648d69322794dd4d41b29713744cd543a2e3ce5c4fb515462594eabc87191cd41c6a977d907d648f61d0a5c7cb914eda7d3e260f14e7cac13a2c9e1c75ed3c517ece54be5198decbab0e4b97e0eee0abb75c98ec4ae57d85e57104159e63b8397b89e08a99239b60f51312a86db7ab922af60a9e9248a86aa48c10610d93372ef341d781b5fd8aeb6ff0069a396860732cfce5afb03a97651a0b7117b7446bb2b864725248d78ccc9f3b1c0f1658b08fea5926d53052d2b62680757c6c71b5db131ee6dc0e6ede4f551e5e9a4f0118a57be53f39ae8035a370b0b0ddbd54cb4e491e22ea41946f1a9e1d0755c1db9258e3d1d5276d88d04245db176933f88160f91bfcc19ed5be407bee3cacb30f419811b3ab9df4bb48dbcacdc82fedcc3c96a54ecd5c7a21284cd9d85b5325446f7b5d2d8c8c05b91ce1f4ec45c13d0d94ba96318dbb8bb781a5afaf44b73ad62386853ef3625c4681ba7c7f04b50f755104b0bdee658e6638b483cc71d378dded566cd1ed6f4240f02ab70aece2697cb246247f79f7737d63a9fc2dd17afda2a5638b8ca0e800ca1c7c7704750eee978fcf6bdb834fc34f35876cac9782b1c757668f5e85d293e5a37dcb4fc6768a190bb297ea081dce7a5ec5c103e13874303648c091fdadb312e6b46849d035b7035fac7c5563c98e3e95e3caf80ccd616e5a7b3f3ef5d8bd587d3b1b7ef4648f20ed3dc8b31c899153be48218a37b4b4e7c9da3ec5c01b1973653aef1659d6232be479d6ee7dadccb8e83a6f55872cb2e8b2c2cf5f457a2b786e114c46f776a47899e4fcf922970d147c070f6450c30b05990c6c6016e4d173e24dca915325ce51ff2a010aa88b12392b40a8317ae11ca5a7880479a7896492e29a1a9b2a79f1c68e2a3c38fb7303c01d7c15b317c51e8a3d51b68a54528237a8f52f170b1e4e3fa3b149574c64361e650e62db384ee5a0b1a2db95562b2358093f9e8a30e093d2f96750601aea16878261cd8d8d007054714c37ab7a4c545acba6493c1afdae7205cabbfc442e41ecced5ce18cdfadf459e57628e277a31c7a1eda575f500d82a89b0069b0b6fb0f6acbf935d36fe3b7b69db29164a2805bf64d711d5c339f8ac0aa2aa3aa8676cc7e798e323093bd991f7601d328f3703c4afa3da04718e0d637c8068fecbe6bdb8a3653d498e28dedcee2e2f934243fbec6b40dcdb102fbee0f24d2158e905afa8e42da95a9fa37d93a1a9a16cd3419e5ed2563dc5f26a01059dd0e00775c06ee081e36b4305b79173ff2b58f4638798a8dee2e1f3d299591f16c61a220e3f68b2fe164f29a872f624c3c0a78db040d6c7136f958d02c3312e3bf9924f9a71d5527d623c34f824bc6a90e58eda6a22cd33f8bddff00714ce5ba9123532edca76a5755c6a03e25693a85229aa42922511ed5612050650a6af147c5a30ea495bbdd96424ee161de601d45b53c567b8353f695948cfad3440fd96c8d73bf96eb4b8db70473047b7459ce00feceb2989ded9bb3f3735ccf8ad786fac79a6b4fa8619acc2ef626231bc94cc2d272c63e8817f1e3af8a9ce601bfd8b662680409e9162709227b7716b9a7f84823fa91e13743fb651de38cdb7496f00e6bbef0113d159b18a42974b48fcc05b790888403927e8a9c6706db95a56749339adb2835d8c96bc0ca4ab323454356dbc84f5401136bee34050b63ee91f2b75eed8e888231a2815b15de0f8a02aa1a6705c3302aea281264a3ba02a7b772e561fe1e57a968b482fc4007bafcca9784d6892a228c717b7d8353ee050fd7d3bf785336229de6be1e9da3b51a5c46efc567708dbefad35eab666639a45c39a411cc1162162de999aeed016b1c465177b98e0c66fb77ac2e6e4e9af92d65b8db04bd8cbf372696bfa8ebeecaedd7e8a1ed96042b296484fac45d879386a3cae9e394be26cb3d7cd518746dd49734ee3cafc3c16a3e8aabc3f333336e2274645fbee2c7b6569d7806c84587306dbca1cc5b001494ae74a1ceb580b0d37e97770e0a2fa20ab22bf29360e19cdf7778f636b7326566bfbab4c92da5c9b29c785e2e56e8f2851642a6c8a1ca8388932852a9b32873a9ab4490a892354a2132f6a8ab86e2de8228e00cc4d81c34655092dcacfcecff006a3a60d504ed2b7b3ad73f9863ff009403ef6957c37fb567cd3a6fbb3b2668cbfeb38f1beed15a64e884bd195576946d3fbcff00ea3b9174b2651ccfc174b98cceeb6810feda1228e478fd998e4f26c8d2efe5ccaf430ef72858e5376b4d3c637be291a3c5cc2020056395ae01c371008f34f412b41411e8f31a15108889719231adf765274d5173622ad29f2d500156195b74f3a9c94dfc93a2025b6ac269f5009496d294ec74698488650a5b083c1370d3294c81009ca392e523b35c80a89284297b31401b53987063bdf61f7a6aa27b12ac364df9a490f2681ed3fd949af710a08e669648d0e1ef1d41e055206cf49a5ccd075fd630743c47e744444ea999cf2f6ae7e4e1faee5d5fdb4c73d757b809db0a4654d0d408cdfe6dce03887345f51e4b24f44f54d1888692076d0be36936d1fa3d86c7f798df3b2de6af076bc92c218f2083f55c0ef0e0a93665b4f416a7f9332268d04ac198b9dfbeef5893cfcb4b059e3cf9617e7966bf57f15778a653782e27b5c91b8ea3c0ea3dca31785678db7336dc39210a881ec378de4743ab7d9c3c95677e6af8f0fa8b87951a62a91bb441aeece6195dc35bb5d6e47ee2a7fcb9ae17051bfc8f9d3c95ca0caa4cb2a832c8a2d54843d376ba499129854dad2479641db7b0fcec6efad191e6d77ffa08bea5a4b1cd6b8b09040700096923d600e86c86f6f4b4b2270e0e2df6b77ff2fbd5717fb239a7f568be853b5ff0d63a41a17bfb2e6581c4177419b3591ee41cbcd0a7a2cab1261b4f958f0236f664bc06dcb34259cdb7dc74dc8b9eee4badc66240a3917d3f3d52e40e3bca6c75407cf5e8ea27458b4d08d1a0cec70fb0f21bef0b620d0b28a38fb2da1a868d019a43ff00d9dfff0072d54aa845e8bb44d2f4264781094d726c04b68404989ca434a891a90d2807aebd4ddd72001f12c46c4a23f46951da3677fef31bee71fbc2ce31a94e72b41f43ecff00a495dc5d3bbdcc604a98da58b358a8af16e06e9c96675ec2c07b4951e4203ad99ce77100036f60526f5aa2e1585c703a591a06799e5e4f100fd11d2f73e6a4ca5e3813cf985438162123cd4894d8c7296b1bc432da788d343e2a6e9522e2aeeeb855cec3ee754e7cb40dee4b65603b88517e6fad67d62afc4b6629666da6883b8e8e7308238e66107dea82a706a78f48f3b7ff0091eefeb255f62788db4050562d5e438eab2cbf51b61fbc921f0d8feb4f980521f4ae3b9e3d9fdd53fcb09dea6c551d567ac9b4f948187c87739beffc110eceecfb650eed64707348d1b6b169dc6e7a83ee5431d45b8ab7d99c5c0a96b49d24059e6756fbc01e6ab0f7b4f24febfd448dd91a6fa5da3bc5e47f4d93bfa2f4560d34d1bc03987683b4d47dbbab0ed934e9ff003f8aed9848e2b95bed4f6bf4eee9974b0d05870b2ecf9c774d9dbd5636b32bafc38a93bf569e3fdc7e7a22c4538fa9df704f3d35fee9370751a8fcfb136e903b78b116fc83c520372ea2d63bf5f7fc1227cf9e94667458c54398729bc4411bf582237f6dd12fa38dab9a77982a5c1cedf1bb40481bc1ea847d3349ff00ab4ce1c0423cc431fe2a9303c49d15445283eabda7cafa8f65d394abe8bca941abd8ce6008dc4023cd2c0544f0353802e0b900b6a75a9a0960a01cbaf12732e4132fc560b9ba3df45717fd248d07f6eebf4ee310756387345be8baa45a78afaddaf1e06ed3f06fb52aa1939bf459a0fa4efb824c8e6c4dd06fe1c5c53f23c346be43995144199e24770160380feea4dec50976aff268dc17498746ed4b05c5c791d2ca4972f3320f611c530411bc169b35d7d5ced071b0bf81f6285518bd3c0c24c8d247237f82620a86d74afa87d9d187399034ea0460db301baefb66bf220705ed56c8d0bfd6a7889e7902c6e3df4e897aec1f55b770e7240748751a1161e6a1576d2c529b888b7c5c0fc115cde8e289dba30df0b8519de8c29fe8be41e0e3f7a5f27f54310d546e3eb01d0e89c32722ac719f47ac8985cc99f7e01d63f7218a4c3f23be71ce1f64d94dc5732ab7cce3cd2192c8d70736e0b4820f220dc24d3c8e67aafcdd1c3ef0a7d36695c18d68ce6f61987788d6c2fc7a7453aaadcfcb4b8ebc3e364cdf5646875b91e2df106e3c9285503f1f3f043db2ae91ad969e5639a00ed1a483606ed6b803b8df303e453d29238aebc72dfae7cb8e7e17124c2d63ed4e50d5d8d86ba795faa15388b730667198ee6e6b927a0debabb196d3657d43846d26c0bae2fc6da0baaba6771e86af9c1e3f8f9f31e0bc6d486825c6cd68249e00346a7a7159ed4fa4da16fed5cefb31bcfc401ef427b67e9245442ea6a663dac905a491f60e2de2c6804d81e24f0b8b6aa5010db1c47e553c953c2495e5bf66f667f280ab691e35638d83b89e052e51f35e0e0a3386e2a89f496c75576b4503cefc801f16e87e0ae5657e8df69c47486279f51e6de07544cedb06734c85cbd0830ed8b39a4fe9a339a00d97a103bb6d19cd27f4d1a981dae40bfa683aaf11a253d5a21f457fe75ffe8bff00ad8b972853529fd6094e5cb92320a8b8afea26ff004a4fe82b97204677b09fe562fb21133572e59474d3cddc9f62f572b455263dea959a577ae572e58e5eb7c3c476a9d85febe0ff00562ffc8d5cb93c4b2f1add6faaff00b23e280f6bbfcb9fcf35cb96f97a89e339d8ff00fdc297edbfff001b91e7a5dff23fc4df8ae5ca3f29be312e496172e56c12a4fd51fb414776e5cb95525ce01eabbc42b55cb913c2a53538d5e2e4e04a894b8d7ab9307972e5c827ffd9),
(10, 'Amuzu', 'Boateng', '2001-05-25', 'Male', '121', 'there', 0xffd8ffe000104a46494600010101000000000000ffdb00430009060713131215121213151615151615151515161515171517151615161616161716181d2820181a251d171521312125292b2e2e2e171f3338332d37282d2e2bffdb0043010a0a0a0e0d0e1a10101a2b1d1d1d2d2d2d2d2d2d2b2d2b2d2b2d2d2d2d2d2d2d2d2d2d2d2d2d2b2d2d2b2d2d2b2d2b2b2d2d372b2d2b2d2d2d2b2d382d2b2d37ffc000110800e100e103012200021101031101ffc4001c0000010501010100000000000000000000060203040507000108ffc400471000010302030504050808050305000000010002030411051221063141516113227181073291a1b11423425272c1d1f01633436282a2b2e1153473c2f12492b325358393e2ffc400190100030101010000000000000000000000000102030405ffc400221101010002030100020203000000000000000102110321311241511322043271ffda000c03010002110311003f00aeaa89544d177911d5c7a2a2947796d582d709c2b35b457870216dca56cdc5768451d80b22f4726c09261964cba8918d55285064a44b6341c148942955e3a9524d381a9b01c49361ed4f65a537c997bf265d88e3f4b0e8e7e63c9a2ff1b2a37eddc37d21791ceed097dc57c55c9a75eb2992f01c561ab0eeccd9edd4b1da3add39ab58a9c27b4d955ada54bf922ba8e913bf245372390372532813428b66a3551594f64e52b14221d54da68120b7552e0295387d94e97d804a63d39994ab664c0136fa70a5dd372bb44bb0ae7c49da762e794a856b1153606ab6a265d54c255ce1c55a4ed5c1dd52364dcdca5bc438dd79547ba535b1f425ef7c86f60eb05195e859dcd0bacb93bd92e596dafcd63958cd10f5437bc8dea70c2abc6cf17396d50b7d976f742291b940c1f0ac8d015aba1d14dabc62aaa9e2e98362a64f457294cc3c7148d4d8a563218cc8ed6db8733cba2ce312c69f338979ee8dc2f668f01cfdeaf36faab33f28f55834b713bcdd67e2639b37fda1679ef4df8f19116bc92e26da7e787e2a2b59f9fcee5735194fac40e2e3f9de998285f29f9b696b7812353d6cb2fad4ed770dde90e098b08735c5ae1b88d0fb55ad06d254432670f739b7199ae2483cf7ee5efe8d3c6a4e6516a694b343a7b3ef463c92f51397159eb6dc0b128ea226cb1ee237723c41eaacecb2bf46b893a1a86c44fcdcc6c47271dc47e78ad8df4eb6f586b4ab91aa9ebe1e88a1b4abc7d083c1389b19e4b4e6fb97aca7772474ec31bc979fe1ade4ab713aa1aa2c389d5d74fcf875877513c54a02e969c59035417d8bb724ba91e513ba805f72723a3082ec26dc31e54b8b09722714a1382009ec7c86d9861e6a7525211c55b1882e0c4fe8be5166a7bb5586c5c595920fdf3f009196e14dd9d6d83fed7dc14e57a54ff68bab2e5cb966d830ea60970d284fa71815ed07228ec94f6a5357392333d9a6ea1bdd213c4aa9c6ab32c7bf591c18db6f19b79f200948e01768b06ed092d3abc937e4d046a3cefe66e80315a43138e9adb41d09b37dbf8ad761025b1034796b183931ad24fbb4f62ccb69a6325438c6d24e722302d72eb658cdafc3477f114b6a95db25b382a0ba490f718ecad1f58b779f0bdd1c330a6374b256ca086081913e37c6f02dde1a5fa10ae435a75e0b8f965b5dbc594914bf246f2549b498187b0968d4224c47138daec8c697bb937f1496ba42333e1cacb6a438388ea5bc96131ca5db5b9cb34c9682a5d13811a3e27870f169b8f8597d1f865536686395beac8c6b87985f3f6dbd27613e61eabdb71f7ad33d0ce35db523a027bd0bb4fb0fb91ec21c17a3c7771e7f263aa3dcab884b4972d191b212484a2bc4026c925a96bc4032e624593ee4d14c89494e88d25cc4036520a7084d9411e85ba29b820b178ea1458068a5e123bcef24b2f0a7ab6bae49b2e50d54c9c626c25b15a525abc72e6af1e80aec46bdac2197ef3afbb78006a5026d8e3b69591b7f64cce77fad29110e9a073d2abea9e6b260f396e446de91facf774d38f52b3cc4719334f3cd7d1cfb335dcd6683fda7cbaa95c8d2367aa3243248e3a32221bafd270198dba17347b5661558939b3c796c5dde94dcdb7df28bf3b0b0fe14778dca60c3638f73a5637c6f23acd047d92f3e2c087765308334924e0681d941e8d007dca72cbe66d786372cb513b05da6964b9786960796021f9aee02fa0203add6c8eeb62cb1b08d0385fdca0e0bb3ac7481c40d3c11163f086b18d5cdc965c2e4e9c2599cc7d66f8b632e89af7c6d07265cda80eef5c374b171ddc01b5f5b6f52301da5973c6d923244803b331c246b6fc1e40194fb77ab6a9a0693a71532868b2f159ff2e3f3a91ade3bbdefa04fa5aa7bc513869de70f222ff72a9f43f8cf615cc638d9b30311e573ab0fb45bcd147a481781adb5f53e5669d7e0b2f85ae8a66bdb7eec8db3b866195d6bf3d574f05de2e4e79ac9f5814db937453678d8ff00acd69f680538e5d0e620af1715e20397894bc4024a6ca74a69c991d6a4bd361cbc252d0dbc21344279365314fd3ee5330dd1cef250e997af9f21cded459b89bd2f5721efd218fafb172cfe721fc90f04b626814e30ab5253578e5cc5e941b29f4aaf103dd283de9220c0395dc413e6b39d93c3fb6a98a237ca4d8efdc7571f0197dcb51f4bb853e4113d91bde756d98d2ed74b5ec091c555ec8eceba918f9a4eec85a5bd2269b1713c9e6d6e9ee4aaa531b6f581ce241ee441d61fbc0656b7cb5f37395a6c696c3878fac4173bc49ba03c5b1364f3b206bbe6c3b43f5dd6d3cb4d169b4f85da9b28df97ee5cfcd6f8eae0c66b753362fb5b493e50ecda30389034ea01d3c92f6a71737072ea06adde2fcafcbaaf763d95594b6639620008fb360240dc4497b9eb702ca3e3f40d2f37ab6816248c9debf2b0374b2e3de1a8d30bbe4b6aa1f52f391e5a1b6d1c01beff0025734d3a1cac125f240e1247639dcf8cb6fa901acd6e4f1b9d15bd068c17e4172658fcf4e9dec3fe90b108a38f23dddf735dd9b6d724eebf4016715b2e59db10232899a4d8f7735da34f006c9cdbcc6854d6b9cd37646044c3cf292491fc45dee52f61767be57531b4bacd6b83ddc49008360bbb870f99ff005e773e7f57fe3e958581ad0d1b80007905c570292e2b773bc2bc492f49ce8238bc48cebc2f4f4365929a2bdcc90e281b7abc48cc940a0b652414aba4a0cec099c41ddd29e8547c44774a71197814ed17247c99dc972d36c065da272092e555fca6e9ea59f559b7957d1a53828d0cda2f649d4b451636c7c93b435d66c4c2e78b901c642034380203800d71b1e6166be91b1091c0c7db011b48f9a6b401fc4e6e9e5af55a7d6b2e5eecd9038004df536dc4710567fb6140c95c09360d07282eb936e27804538c72b2439870b1d2df15b27a33daff009537b19c812c766e6e0f1c09e4ed3cd6395d674ae0ddd9ac0f9ef443e8f260cae630fab202c3e36b83ed1ef597263b8db8f2d64fa5e28b2b744118f61ae32175cebfbdc11261f33dadcb7cc06ebfe2a9319c4007ead75f96965cf967d74e8e1971cba468a1cacd7971435b5156e34d308c91dc76a343bb829d5d5ae7e9eab797f751fb0cd1b9a78823da172ef576eaf9dcac56065d136cd628fa595afca1c07d176e20efb1e07aaa39a0744f2d70b1048f11c11c6c454c1347253ced06e5ae67d76b85c5d877f25ea6f6f272e9b1ecc634ca9883984f56b8f78743cfc55bbdc82367f0bf93c71b5a75bdcf4beffbb4dc512cb5561aaa9596d25d22476aa8a5c4fbc42532bfaa7f511b5e76892e95559ad1cd24555f8a3ea0dad0cabc32e8a235c57b72b3bcb17f37492d912daf50f54b612b4996d095992c14d3427026b87e15eccdb8498938f282aadf93f45ca4e65c92350274d506ca54159651e9da32a8157201b8a9cf3d2b182118c5b8a40c58b886b7541efa82e366dc93a05614b53f261da48dbb868c17fa5d06ff0034b1ced69a1163b8e434cc21e73bcdecc162eeba701d4ac5f68b18f5f2685f7040370c6fd50789571b598cbe6f5de4926f61a3472161bfcd06c94c4925daaa69f2874528638b8b6e4021b7dc09e279d939824c5b510bc7095a6ffc42ea3ce75b0dd752b0b86d247d2c54e5e1cf5f4ee104398d7730a8f69a9807dc29fb1929740dbf25231a83391e2b972c7faba30cb59039f49ddb9dc9b1dd08876920c91c6d1bdc541930eee858e5c7de9d18f275ba0dc53068e50496a03aca311cf9637116205efa83d16e543b3e65219cf79e4dfc501ed1610d38bba1600191e4000e8ccdaf5b82ba7fc5c32b7bf1cdfe5678fe3d3db3bb5324003640e9786673aceb7416b2206ed744ff005dae6752410ab22c185c92069b9566d152b58ccb9bbc48686817d7300ecc7734817d353cecbd1cf8a48f3fd185231b2f7a37078e6d37f6db727e5a7ca2ea57a15a1cb4724a7f6b33ec78e565980785c3bda88b1cc1496b9d16fd4e5fc3f05c571196164e811db6aa553b955480876e52592386e4bf8eb1faa22825b04fc6e0e287a0a879365758768b0b85c6f6df1cfa5ed3d28b2f27a64fd2ca2c953c82cbab1ca2ac56b52c26dced529ae5aca9891125c8535195d23d03222eb926eb94fcb3ec234cc396dc531534cd1a9d4a27aac2b2041f8bd5b5a482a39ba9d1cdece615531c726770f5477470beebfbf7782f71aa964c7d536b69d6df48f417161d551c2e32e5cbb9ceb5fa83bbde11a6d5510a3c3a42dd65764880d37bec5cd1d728dfd4a9e2de9d126a32ac4c02e36d1a3793ee1e0aaa578640fe65e3dc1df710ae2be90982e4b58e0ced2c4db3b491a5cee78e5c47541d5b517b8e17badf2e8e769d2d0f7237efced0e1ed734ff334a22a1d9994805add4bda07d97374f80556c80ba9e8836d99ee923b7574f66ff52fa019807cd3a2659afecc061e5233561f0b81e4b3ca6e2b1ba76cbe1ef8616b5c468148c3dc6425ce6d85f40533b338a89e2048caf04b6461ded7b74703e6ae000a34ad98ada46bdc091eae81205233884ecd3009ca265fbe776e1d4a9f9969fd5912a8e99b1b49000e27c563b83c425c62adc75b6737f6b7fdcb66ac786b6dcd61f84d63992d5c91e532b84a5a1db802e6f7ddfbadcbbb892d1c574f1cd78e7ceed3b697180c93e4f09b3b432bc6f8da6ddd69e121077fd11d4e957b761aca986363435ad61b340b01a1e087e33a1d4973ae5ce275739dbdc4f1249255aedcd4073e9671f4d8c27a666ea3da56b6ee54c9a6c1e8c630dc2e96dc585de6e91ce3f1440f286bd15cb7c269ba091bec95e3ee44722e7681ac7f09064ed00f5bd6fb438f9aaf18722cac65d87a6bec5561aaf1bd32cb09b52b6932eaa553a992c6a2b2220a9e4c2648d69322794dd4d41b29713744cd543a2e3ce5c4fb515462594eabc87191cd41c6a977d907d648f61d0a5c7cb914eda7d3e260f14e7cac13a2c9e1c75ed3c517ece54be5198decbab0e4b97e0eee0abb75c98ec4ae57d85e57104159e63b8397b89e08a99239b60f51312a86db7ab922af60a9e9248a86aa48c10610d93372ef341d781b5fd8aeb6ff0069a396860732cfce5afb03a97651a0b7117b7446bb2b864725248d78ccc9f3b1c0f1658b08fea5926d53052d2b62680757c6c71b5db131ee6dc0e6ede4f551e5e9a4f0118a57be53f39ae8035a370b0b0ddbd54cb4e491e22ea41946f1a9e1d0755c1db9258e3d1d5276d88d04245db176933f88160f91bfcc19ed5be407bee3cacb30f419811b3ab9df4bb48dbcacdc82fedcc3c96a54ecd5c7a21284cd9d85b5325446f7b5d2d8c8c05b91ce1f4ec45c13d0d94ba96318dbb8bb781a5afaf44b73ad62386853ef3625c4681ba7c7f04b50f755104b0bdee658e6638b483cc71d378dded566cd1ed6f4240f02ab70aece2697cb246247f79f7737d63a9fc2dd17afda2a5638b8ca0e800ca1c7c7704750eee978fcf6bdb834fc34f35876cac9782b1c757668f5e85d293e5a37dcb4fc6768a190bb297ea081dce7a5ec5c103e13874303648c091fdadb312e6b46849d035b7035fac7c5563c98e3e95e3caf80ccd616e5a7b3f3ef5d8bd587d3b1b7ef4648f20ed3dc8b31c899153be48218a37b4b4e7c9da3ec5c01b1973653aef1659d6232be479d6ee7dadccb8e83a6f55872cb2e8b2c2cf5f457a2b786e114c46f776a47899e4fcf922970d147c070f6450c30b05990c6c6016e4d173e24dca915325ce51ff2a010aa88b12392b40a8317ae11ca5a7880479a7896492e29a1a9b2a79f1c68e2a3c38fb7303c01d7c15b317c51e8a3d51b68a54528237a8f52f170b1e4e3fa3b149574c64361e650e62db384ee5a0b1a2db95562b2358093f9e8a30e093d2f96750601aea16878261cd8d8d007054714c37ab7a4c545acba6493c1afdae7205cabbfc442e41ecced5ce18cdfadf459e57628e277a31c7a1eda575f500d82a89b0069b0b6fb0f6acbf935d36fe3b7b69db29164a2805bf64d711d5c339f8ac0aa2aa3aa8676cc7e798e323093bd991f7601d328f3703c4afa3da04718e0d637c8068fecbe6bdb8a3653d498e28dedcee2e2f934243fbec6b40dcdb102fbee0f24d2158e905afa8e42da95a9fa37d93a1a9a16cd3419e5ed2563dc5f26a01059dd0e00775c06ee081e36b4305b79173ff2b58f4638798a8dee2e1f3d299591f16c61a220e3f68b2fe164f29a872f624c3c0a78db040d6c7136f958d02c3312e3bf9924f9a71d5527d623c34f824bc6a90e58eda6a22cd33f8bddff00714ce5ba9123532edca76a5755c6a03e25693a85229aa42922511ed5612050650a6af147c5a30ea495bbdd96424ee161de601d45b53c567b8353f695948cfad3440fd96c8d73bf96eb4b8db70473047b7459ce00feceb2989ded9bb3f3735ccf8ad786fac79a6b4fa8619acc2ef626231bc94cc2d272c63e8817f1e3af8a9ce601bfd8b662680409e9162709227b7716b9a7f84823fa91e13743fb651de38cdb7496f00e6bbef0113d159b18a42974b48fcc05b790888403927e8a9c6706db95a56749339adb2835d8c96bc0ca4ab323454356dbc84f5401136bee34050b63ee91f2b75eed8e888231a2815b15de0f8a02aa1a6705c3302aea281264a3ba02a7b772e561fe1e57a968b482fc4007bafcca9784d6892a228c717b7d8353ee050fd7d3bf785336229de6be1e9da3b51a5c46efc567708dbefad35eab666639a45c39a411cc1162162de999aeed016b1c465177b98e0c66fb77ac2e6e4e9af92d65b8db04bd8cbf372696bfa8ebeecaedd7e8a1ed96042b296484fac45d879386a3cae9e394be26cb3d7cd518746dd49734ee3cafc3c16a3e8aabc3f333336e2274645fbee2c7b6569d7806c84587306dbca1cc5b001494ae74a1ceb580b0d37e97770e0a2fa20ab22bf29360e19cdf7778f636b7326566bfbab4c92da5c9b29c785e2e56e8f2851642a6c8a1ca8388932852a9b32873a9ab4490a892354a2132f6a8ab86e2de8228e00cc4d81c34655092dcacfcecff006a3a60d504ed2b7b3ad73f9863ff009403ef6957c37fb567cd3a6fbb3b2668cbfeb38f1beed15a64e884bd195576946d3fbcff00ea3b9174b2651ccfc174b98cceeb6810feda1228e478fd998e4f26c8d2efe5ccaf430ef72858e5376b4d3c637be291a3c5cc2020056395ae01c371008f34f412b41411e8f31a15108889719231adf765274d5173622ad29f2d500156195b74f3a9c94dfc93a2025b6ac269f5009496d294ec74698488650a5b083c1370d3294c81009ca392e523b35c80a89284297b31401b53987063bdf61f7a6aa27b12ac364df9a490f2681ed3fd949af710a08e669648d0e1ef1d41e055206cf49a5ccd075fd630743c47e744444ea999cf2f6ae7e4e1faee5d5fdb4c73d757b809db0a4654d0d408cdfe6dce03887345f51e4b24f44f54d1888692076d0be36936d1fa3d86c7f798df3b2de6af076bc92c218f2083f55c0ef0e0a93665b4f416a7f9332268d04ac198b9dfbeef5893cfcb4b059e3cf9617e7966bf57f15778a653782e27b5c91b8ea3c0ea3dca31785678db7336dc39210a881ec378de4743ab7d9c3c95677e6af8f0fa8b87951a62a91bb441aeece6195dc35bb5d6e47ee2a7fcb9ae17051bfc8f9d3c95ca0caa4cb2a832c8a2d54843d376ba499129854dad2479641db7b0fcec6efad191e6d77ffa08bea5a4b1cd6b8b09040700096923d600e86c86f6f4b4b2270e0e2df6b77ff2fbd5717fb239a7f568be853b5ff0d63a41a17bfb2e6581c4177419b3591ee41cbcd0a7a2cab1261b4f958f0236f664bc06dcb34259cdb7dc74dc8b9eee4badc66240a3917d3f3d52e40e3bca6c75407cf5e8ea27458b4d08d1a0cec70fb0f21bef0b620d0b28a38fb2da1a868d019a43ff00d9dfff0072d54aa845e8bb44d2f4264781094d726c04b68404989ca434a891a90d2807aebd4ddd72001f12c46c4a23f46951da3677fef31bee71fbc2ce31a94e72b41f43ecff00a495dc5d3bbdcc604a98da58b358a8af16e06e9c96675ec2c07b4951e4203ad99ce77100036f60526f5aa2e1585c703a591a06799e5e4f100fd11d2f73e6a4ca5e3813cf985438162123cd4894d8c7296b1bc432da788d343e2a6e9522e2aeeeb855cec3ee754e7cb40dee4b65603b88517e6fad67d62afc4b6629666da6883b8e8e7308238e66107dea82a706a78f48f3b7ff0091eefeb255f62788db4050562d5e438eab2cbf51b61fbc921f0d8feb4f980521f4ae3b9e3d9fdd53fcb09dea6c551d567ac9b4f948187c87739beffc110eceecfb650eed64707348d1b6b169dc6e7a83ee5431d45b8ab7d99c5c0a96b49d24059e6756fbc01e6ab0f7b4f24febfd448dd91a6fa5da3bc5e47f4d93bfa2f4560d34d1bc03987683b4d47dbbab0ed934e9ff003f8aed9848e2b95bed4f6bf4eee9974b0d05870b2ecf9c774d9dbd5636b32bafc38a93bf569e3fdc7e7a22c4538fa9df704f3d35fee9370751a8fcfb136e903b78b116fc83c520372ea2d63bf5f7fc1227cf9e94667458c54398729bc4411bf582237f6dd12fa38dab9a77982a5c1cedf1bb40481bc1ea847d3349ff00ab4ce1c0423cc431fe2a9303c49d15445283eabda7cafa8f65d394abe8bca941abd8ce6008dc4023cd2c0544f0353802e0b900b6a75a9a0960a01cbaf12732e4132fc560b9ba3df45717fd248d07f6eebf4ee310756387345be8baa45a78afaddaf1e06ed3f06fb52aa1939bf459a0fa4efb824c8e6c4dd06fe1c5c53f23c346be43995144199e24770160380feea4dec50976aff268dc17498746ed4b05c5c791d2ca4972f3320f611c530411bc169b35d7d5ced071b0bf81f6285518bd3c0c24c8d247237f82620a86d74afa87d9d187399034ea0460db301baefb66bf220705ed56c8d0bfd6a7889e7902c6e3df4e897aec1f55b770e7240748751a1161e6a1576d2c529b888b7c5c0fc115cde8e289dba30df0b8519de8c29fe8be41e0e3f7a5f27f54310d546e3eb01d0e89c32722ac719f47ac8985cc99f7e01d63f7218a4c3f23be71ce1f64d94dc5732ab7cce3cd2192c8d70736e0b4820f220dc24d3c8e67aafcdd1c3ef0a7d36695c18d68ce6f61987788d6c2fc7a7453aaadcfcb4b8ebc3e364cdf5646875b91e2df106e3c9285503f1f3f043db2ae91ad969e5639a00ed1a483606ed6b803b8df303e453d29238aebc72dfae7cb8e7e17124c2d63ed4e50d5d8d86ba795faa15388b730667198ee6e6b927a0debabb196d3657d43846d26c0bae2fc6da0baaba6771e86af9c1e3f8f9f31e0bc6d486825c6cd68249e00346a7a7159ed4fa4da16fed5cefb31bcfc401ef427b67e9245442ea6a663dac905a491f60e2de2c6804d81e24f0b8b6aa5010db1c47e553c953c2495e5bf66f667f280ab691e35638d83b89e052e51f35e0e0a3386e2a89f496c75576b4503cefc801f16e87e0ae5657e8df69c47486279f51e6de07544cedb06734c85cbd0830ed8b39a4fe9a339a00d97a103bb6d19cd27f4d1a981dae40bfa683aaf11a253d5a21f457fe75ffe8bff00ad8b972853529fd6094e5cb92320a8b8afea26ff004a4fe82b97204677b09fe562fb21133572e59474d3cddc9f62f572b455263dea959a577ae572e58e5eb7c3c476a9d85febe0ff00562ffc8d5cb93c4b2f1add6faaff00b23e280f6bbfcb9fcf35cb96f97a89e339d8ff00fdc297edbfff001b91e7a5dff23fc4df8ae5ca3f29be312e496172e56c12a4fd51fb414776e5cb95525ce01eabbc42b55cb913c2a53538d5e2e4e04a894b8d7ab9307972e5c827ffd9);

--
-- Indexes for dumped tables
--

--
-- Indexes for table `admin`
--
ALTER TABLE `admin`
  ADD PRIMARY KEY (`ID`);

--
-- Indexes for table `course`
--
ALTER TABLE `course`
  ADD PRIMARY KEY (`code`);

--
-- Indexes for table `grade`
--
ALTER TABLE `grade`
  ADD KEY `fk_student` (`studentID`),
  ADD KEY `fk_course` (`courseCode`);

--
-- Indexes for table `student`
--
ALTER TABLE `student`
  ADD PRIMARY KEY (`ID`);

--
-- AUTO_INCREMENT for dumped tables
--

--
-- AUTO_INCREMENT for table `admin`
--
ALTER TABLE `admin`
  MODIFY `ID` int(11) NOT NULL AUTO_INCREMENT, AUTO_INCREMENT=2;

--
-- AUTO_INCREMENT for table `student`
--
ALTER TABLE `student`
  MODIFY `ID` int(11) NOT NULL AUTO_INCREMENT, AUTO_INCREMENT=11;

--
-- Constraints for dumped tables
--

--
-- Constraints for table `grade`
--
ALTER TABLE `grade`
  ADD CONSTRAINT `fk_course` FOREIGN KEY (`courseCode`) REFERENCES `course` (`code`) ON DELETE CASCADE,
  ADD CONSTRAINT `fk_student` FOREIGN KEY (`studentID`) REFERENCES `student` (`ID`) ON DELETE CASCADE;
COMMIT;

/*!40101 SET CHARACTER_SET_CLIENT=@OLD_CHARACTER_SET_CLIENT */;
/*!40101 SET CHARACTER_SET_RESULTS=@OLD_CHARACTER_SET_RESULTS */;
/*!40101 SET COLLATION_CONNECTION=@OLD_COLLATION_CONNECTION */;
